Campaign,Keyword,Type,Status
US | Search | AI Automation Services | Leads,free,Campaign negative,Enabled
US | Search | AI Automation Services | Leads,jobs,Campaign negative,Enabled
US | Search | AI Automation Services | Leads,salary,Campaign negative,Enabled
US | Search | AI Automation Services | Leads,career,Campaign negative,Enabled
US | Search | AI Automation Services | Leads,internship,Campaign negative,Enabled
US | Search | AI Automation Services | Leads,course,Campaign negative,Enabled
US | Search | AI Automation Services | Leads,certification,Campaign negative,Enabled
US | Search | AI Automation Services | Leads,training,Campaign negative,Enabled
US | Search | AI Automation Services | Leads,tutorial,Campaign negative,Enabled
US | Search | AI Automation Services | Leads,definition,Campaign negative,Enabled
US | Search | AI Automation Services | Leads,research paper,Campaign negative,Enabled
US | Search | AI Automation Services | Leads,github,Campaign negative,Enabled
US | Search | AI Automation Services | Leads,open source,Campaign negative,Enabled
US | Search | AI Automation Services | Leads,robotics,Campaign negative,Enabled
US | Search | AI Automation Services | Leads,toy robot,Campaign negative,Enabled
US | Search | AI Automation Services | Leads,stock,Campaign negative,Enabled
US | Search | AI Automation Services | Leads,crypto trading,Campaign negative,Enabled
US | Search | AI Automation Services | Leads,resume,Campaign negative,Enabled
US | Search | AI Automation Services | Leads,interview questions,Campaign negative,Enabled
US | Search | AI Agent Launch Kit | Sales,free,Campaign negative,Enabled
US | Search | AI Agent Launch Kit | Sales,jobs,Campaign negative,Enabled
US | Search | AI Agent Launch Kit | Sales,salary,Campaign negative,Enabled
US | Search | AI Agent Launch Kit | Sales,career,Campaign negative,Enabled
US | Search | AI Agent Launch Kit | Sales,internship,Campaign negative,Enabled
US | Search | AI Agent Launch Kit | Sales,course,Campaign negative,Enabled
US | Search | AI Agent Launch Kit | Sales,certification,Campaign negative,Enabled
US | Search | AI Agent Launch Kit | Sales,training,Campaign negative,Enabled
US | Search | AI Agent Launch Kit | Sales,tutorial,Campaign negative,Enabled
US | Search | AI Agent Launch Kit | Sales,definition,Campaign negative,Enabled
US | Search | AI Agent Launch Kit | Sales,research paper,Campaign negative,Enabled
US | Search | AI Agent Launch Kit | Sales,github,Campaign negative,Enabled
US | Search | AI Agent Launch Kit | Sales,open source,Campaign negative,Enabled
US | Search | AI Agent Launch Kit | Sales,robotics,Campaign negative,Enabled
US | Search | AI Agent Launch Kit | Sales,toy robot,Campaign negative,Enabled
US | Search | AI Agent Launch Kit | Sales,stock,Campaign negative,Enabled
US | Search | AI Agent Launch Kit | Sales,crypto trading,Campaign negative,Enabled
US | Search | AI Agent Launch Kit | Sales,resume,Campaign negative,Enabled
US | Search | AI Agent Launch Kit | Sales,interview questions,Campaign negative,Enabled
